{
  "icons": {
    "logo-doodle": ["doodle"],
    "logo-ebill": ["ebill"],
    "logo-facebook": ["facebook", "fb"],
    "logo-instagram": ["instagram"],
    "logo-linkedin": ["linkedin"],
    "logo-rss": ["rss"],
    "logo-soundcloud": ["soundcloud"],
    "logo-spotify": ["spotify"],
    "logo-twint": ["twint"],
    "logo-twitter": ["twitter"],
    "logo-whatsapp": ["whatsapp"],
    "logo-xing": ["xing"],
    "logo-youtube": ["yt", "youtube"],

    "pikto-aktie": ["aktie"],
    "pikto-ausblick": ["ausblick"],
    "pikto-auszeichnung": ["auszeichnung"],
    "pikto-bagger": ["bagger"],
    "pikto-behaviour": ["behaviour", "verhalten"],
    "pikto-betriebskredit": ["betriebskredit"],
    "pikto-buero": ["büro"],
    "pikto-checkliste": ["checkliste"],
    "pikto-devisen-edelmetalle": ["devisen-edelmetalle"],
    "pikto-dokument": ["dokument"],
    "pikto-ebanking": ["eBanking","ebanking"],
    "pikto-ebanking-weitere-person": ["ebanking-weitere-person"],
    "pikto-fabrik": ["fabrik"],
    "pikto-fahrrad": ["fahrrad"],
    "pikto-fax": ["pikto"],
    "pikto-fehlend": ["fehlend"],
    "pikto-forschung": ["forschung"],
    "pikto-fragen": ["fragen"],
    "pikto-frau": ["frau"],
    "pikto-geld": ["geld"],
    "pikto-geldboerse": ["geldbörse"],
    "pikto-geschenk": ["geschenk", "paket"],
    "pikto-handel": ["handel"],
    "pikto-info": ["info-gespräch"],
    "pikto-kalender": ["kalender"],
    "pikto-kamera": ["kamera"],
    "pikto-kirche": ["kirche"],
    "pikto-kreditkarte": ["kreditkarte"],
    "pikto-leistung": ["leistung"],
    "pikto-maestrokarte": ["maestrokarte"],
    "pikto-maestrokarte-weitere-person": ["maestrokarte-weitere-person"],
    "pikto-mann": ["mann"],
    "pikto-massnahmen": ["massnahmen"],
    "pikto-militaer": ["militaer", "armee"],
    "pikto-neutrale-gruppe": ["neutrale-gruppe"],
    "pikto-neutrale-person": ["neutrale-person"],
    "pikto-papierkorb": ["papierkorb"],
    "pikto-passende-hypothekarloesung": ["passende-hypothekarloesung"],
    "pikto-politik": ["politik"],
    "pikto-quadratmeter": ["quadratmeter"],
    "pikto-ranking": ["ranking"],
    "pikto-rechtliche-kundeninformation": ["rechtliche-kundeninformation"],
    "pikto-reflektieren": ["reflektieren"],
    "pikto-robot": ["robot"],
    "pikto-sparen": ["spesen"],
    "pikto-steuererklaerung": ["steuererklärung"],
    "pikto-stoppuhr": ["stoppuhr"],
    "pikto-strukturierte-produkte": ["strukturierte-produkte"],
    "pikto-taschenmesser": ["taschenmesser"],
    "pikto-telefon": ["telefon"],
    "pikto-traktor": ["traktor"],
    "pikto-transaktionskonto": ["transaktionskonto"],
    "pikto-transporter": ["transporter"],
    "pikto-uhr": ["uhr"],
    "pikto-unternehmen": ["unternehmen"],
    "pikto-vermoegen": ["vermögen"],
    "pikto-vertrag-vollmachten": ["vertrag-vollmacht"],
    "pikto-viszeral": ["viszeral"],
    "pikto-vorsorge": ["vorsorge"],
    "pikto-vorsorge-vorschau": ["vorsorge-vorschau"],
    "pikto-vorsorgesitutation": ["vorsorgesitutation"],
    "pikto-waage": ["waage"],
    "pikto-wahl-hypothekarloesung": ["wahl-hypothekarlösung"],
    "pikto-wegweiser": ["wegweiser"],
    "pikto-windrad": ["windrad"],
    "pikto-zwei-neutrale-personen": ["zewi-neutrale-personen"],

    "ui-add": ["add"],
    "ui-add-person": ["add-person"],
    "ui-alert": ["alert"],
    "ui-arrow-dropdown": ["dropdown", "select"],
    "ui-arrow-navigation": ["navigation-arrow"],
    "ui-arrow-slider": ["arrow"],
    "ui-attachment": ["attatchement", "paper-clip" , "clippy"],
    "ui-bluetooth": ["bluetooth"],
    "ui-bookmark": ["bookmark", "bookplate"],
    "ui-calendar": ["calendar"],
    "ui-chart": ["chart"],
    "ui-chat": ["chat", "speach"],
    "ui-checkmark": ["checkmark", "check"],
    "ui-close": ["close"],
    "ui-configurator": ["configurator", "sliders", "range-sliders"],
    "ui-contact": ["contact", "call"],
    "ui-dashboard": ["dashboard", "speedometer"],
    "ui-delayed": ["dalay", "clock-with-warning"],
    "ui-download": ["download"],
    "ui-edit": ["edit"],
    "ui-favourite": ["favourite", "star"],
    "ui-favourite-active": ["favourite--active", "star--filled"],
    "ui-filter": ["filter", "funnel"],
    "ui-gift": ["gift"],
    "ui-heart": ["heart", "love"],
    "ui-hide": ["hide", "eye-strikethrough", "no-sight"],
    "ui-home": ["home"],
    "ui-image": ["image"],
    "ui-import-order": ["import", "import-oder", "arrow-in-bin"],
    "ui-language": ["language"],
    "ui-like": ["thumb-up", "like"],
    "ui-link-external": ["link"],
    "ui-location": ["location", "pin"],
    "ui-lock": ["safe"],
    "ui-login": ["login"],
    "ui-logout": ["logout"],
    "ui-mail": ["mail"],
    "ui-menu": ["menu"],
    "ui-minus": ["minus", "remove", "count-down", "decrease"],
    "ui-more": ["more"],
    "ui-move": ["move"],
    "ui-move-end": ["move-to-end"],
    "ui-newsletter": ["newsletter", "paper-plane"],
    "ui-no-wifi": ["no-wifi"],
    "ui-optionsmatrix": ["options-matrix", "matrix"],
    "ui-orderblotter": ["orderblotter", "pad", "paperpad", "checklist"],
    "ui-phone": ["phone"],
    "ui-play": ["play"],
    "ui-plus": ["plus", "count-up", "increase"],
    "ui-portfolio": ["portfolio", "piechart"],
    "ui-print": ["print"],
    "ui-profile": ["user", "profile", "person"],
    "ui-realtime": ["realtime"],
    "ui-reload": ["reload", "refresh"],
    "ui-repost": ["repost", "external-link"],
    "ui-schedule": ["schedule"],
    "ui-search": ["search", "magnifying-glass"],
    "ui-settings": ["setting"],
    "ui-share": ["share"],
    "ui-show": ["show", "eye", "sight"],
    "ui-status-clear": ["clear"],
    "ui-status-error": ["error"],
    "ui-status-help": ["help"],
    "ui-status-info": ["info"],
    "ui-status-ok": ["ok"],
    "ui-status-warning": ["warning"],
    "ui-time": ["time", "clock"],
    "ui-trades": ["trades"],
    "ui-trash": ["delete"],
    "ui-video": ["video"],
    "ui-volume": ["volume"],
    "ui-wifi": ["wifi"],
    "ui-zoom-in": ["zoom-in"],
    "ui-zoom-move": ["zoom-move"],
    "ui-zoom-out": ["zoom-out"]
  }
}
